gsm_accession	cohort	score	signature_source
GSM2562699	discovery_case	0.2915329596506142	rederived_not_published
GSM2562700	discovery_case	-0.13000368249500982	rederived_not_published
GSM2562701	discovery_case	0.3243717097722927	rederived_not_published
GSM2562702	discovery_case	0.14609349852940834	rederived_not_published
GSM2562703	discovery_case	0.2942897751157614	rederived_not_published
GSM2562704	discovery_case	0.3109573222199393	rederived_not_published
GSM2562705	discovery_case	0.2817160425854872	rederived_not_published
GSM2562706	discovery_case	0.2512542127421509	rederived_not_published
GSM2562707	discovery_case	0.4384464908821	rederived_not_published
GSM2562708	discovery_case	0.18779722920351138	rederived_not_published
GSM2562709	discovery_case	0.20899023014157136	rederived_not_published
GSM2562710	discovery_case	0.28319755620607434	rederived_not_published
GSM2562711	discovery_case	0.1551622854018161	rederived_not_published
GSM2562712	discovery_case	-0.08461383792240817	rederived_not_published
GSM2562713	discovery_case	0.022932473889330063	rederived_not_published
GSM2562714	discovery_case	0.2938193577715035	rederived_not_published
GSM2562715	discovery_case	0.17333559816265232	rederived_not_published
GSM2562716	discovery_case	0.20175618422996888	rederived_not_published
GSM2562717	discovery_case	0.019993129143713206	rederived_not_published
GSM2562718	held_out_variant_or_validation	-0.13545710442764758	rederived_not_published
GSM2562719	held_out_variant_or_validation	-0.010804050090908901	rederived_not_published
GSM2562720	held_out_variant_or_validation	-0.10154404323923072	rederived_not_published
GSM2562721	held_out_variant_or_validation	-0.3054008111476777	rederived_not_published
GSM2562722	held_out_variant_or_validation	-0.3022389480218699	rederived_not_published
GSM2562723	held_out_variant_or_validation	0.15682838373175045	rederived_not_published
GSM2562724	held_out_variant_or_validation	-0.263179303045311	rederived_not_published
GSM2562725	held_out_variant_or_validation	-0.2035589464460107	rederived_not_published
GSM2562726	held_out_variant_or_validation	0.026607798557801265	rederived_not_published
GSM2562727	held_out_variant_or_validation	-0.09218958898221996	rederived_not_published
GSM2562728	held_out_variant_or_validation	0.3387286693723657	rederived_not_published
GSM2562729	held_out_variant_or_validation	-0.27877954760492385	rederived_not_published
GSM2562730	held_out_variant_or_validation	0.016107592512007107	rederived_not_published
GSM2562731	held_out_variant_or_validation	0.05198709902740706	rederived_not_published
GSM2562732	held_out_variant_or_validation	0.2591236235365886	rederived_not_published
GSM2562733	held_out_variant_or_validation	0.1907755613280604	rederived_not_published
GSM2562734	held_out_variant_or_validation	0.19643420311769122	rederived_not_published
GSM2562735	held_out_variant_or_validation	-0.08762366125012444	rederived_not_published
GSM2562736	held_out_variant_or_validation	0.013806283879470471	rederived_not_published
GSM2562737	held_out_variant_or_validation	0.10487106847130323	rederived_not_published
GSM2562738	held_out_variant_or_validation	0.0347170392980688	rederived_not_published
GSM2562739	held_out_variant_or_validation	-0.19661669292525324	rederived_not_published
GSM2562740	held_out_variant_or_validation	0.24978081083836445	rederived_not_published
GSM2562741	held_out_variant_or_validation	-0.3686131847779017	rederived_not_published
GSM2562742	held_out_variant_or_validation	0.38925735981479304	rederived_not_published
GSM2562743	held_out_variant_or_validation	0.30245741981702	rederived_not_published
GSM2562744	held_out_variant_or_validation	-0.09201049563441432	rederived_not_published
GSM2562745	held_out_variant_or_validation	0.2551686541411293	rederived_not_published
GSM2562746	held_out_variant_or_validation	0.12665555476071166	rederived_not_published
GSM2562747	held_out_variant_or_validation	-0.0715681504736091	rederived_not_published
GSM2562748	held_out_variant_or_validation	-0.10562310799206065	rederived_not_published
GSM2562749	held_out_variant_or_validation	0.4248337567667935	rederived_not_published
GSM2562750	held_out_variant_or_validation	-0.2074361520014789	rederived_not_published
GSM2562751	held_out_variant_or_validation	0.20197703720645033	rederived_not_published
GSM2562752	held_out_variant_or_validation	0.1127720404531164	rederived_not_published
GSM2562753	held_out_variant_or_validation	0.2284209392544596	rederived_not_published
GSM2562754	held_out_variant_or_validation	0.23262916121924193	rederived_not_published
GSM2562755	held_out_variant_or_validation	0.28810516313558554	rederived_not_published
GSM2562756	held_out_variant_or_validation	0.3838434493326106	rederived_not_published
GSM2562757	held_out_variant_or_validation	0.037436367405924376	rederived_not_published
GSM2562758	held_out_variant_or_validation	-0.15704198784039292	rederived_not_published
GSM2562759	held_out_variant_or_validation	0.3447722586556802	rederived_not_published
GSM2562760	held_out_variant_or_validation	0.21601448744427998	rederived_not_published
GSM2562761	held_out_variant_or_validation	0.32772289023484646	rederived_not_published
GSM2562762	held_out_variant_or_validation	0.19404930384051322	rederived_not_published
GSM2562763	held_out_variant_or_validation	0.03425857984656522	rederived_not_published
GSM2562764	held_out_variant_or_validation	0.026059491303968563	rederived_not_published
GSM2562765	held_out_variant_or_validation	0.08623017071214589	rederived_not_published
GSM2562766	held_out_variant_or_validation	-0.13700028663233155	rederived_not_published
GSM2562767	held_out_variant_or_validation	-0.09172827572925135	rederived_not_published
GSM2562768	held_out_variant_or_validation	-0.24741431852493767	rederived_not_published
GSM2562769	held_out_variant_or_validation	0.20222407080163052	rederived_not_published
GSM2562770	held_out_variant_or_validation	-0.09086625456384956	rederived_not_published
GSM2562792	held_out_variant_or_validation	-0.04159513923035918	rederived_not_published
GSM2562793	held_out_variant_or_validation	-0.2874050372078373	rederived_not_published
GSM2562794	held_out_variant_or_validation	0.09102149636786205	rederived_not_published
GSM2562795	held_out_variant_or_validation	-0.01056891066019805	rederived_not_published
GSM2562796	held_out_variant_or_validation	0.29309092963395345	rederived_not_published
GSM2562797	held_out_variant_or_validation	-0.27237453939888523	rederived_not_published
GSM2562798	held_out_variant_or_validation	-0.25622331735229176	rederived_not_published
GSM2562799	held_out_variant_or_validation	-0.2842657840821864	rederived_not_published
GSM2562800	held_out_variant_or_validation	-0.11219248857259734	rederived_not_published
GSM2562801	held_out_variant_or_validation	0.1209380986689953	rederived_not_published
GSM2562802	held_out_variant_or_validation	0.17707597074397607	rederived_not_published
GSM2562803	held_out_variant_or_validation	0.0909642384571766	rederived_not_published
GSM2562804	held_out_variant_or_validation	-0.28551022096891665	rederived_not_published
GSM2562805	held_out_variant_or_validation	-0.2646306142699575	rederived_not_published
GSM2562806	held_out_variant_or_validation	-0.2422030059699869	rederived_not_published
GSM2562807	held_out_variant_or_validation	0.06954639234920879	rederived_not_published
GSM2562808	held_out_variant_or_validation	0.1558074440204985	rederived_not_published
GSM2562809	discovery_control	-0.33878142549233003	rederived_not_published
GSM2562810	discovery_control	-0.47060696597751545	rederived_not_published
GSM2562811	discovery_control	-0.009421579035010952	rederived_not_published
GSM2562812	discovery_control	-0.2208165103160673	rederived_not_published
GSM2562813	discovery_control	0.015244617282205608	rederived_not_published
GSM2562814	discovery_control	-0.20471299022834455	rederived_not_published
GSM2562815	discovery_control	-0.22266217375583564	rederived_not_published
GSM2562816	discovery_control	-0.4816581887921832	rederived_not_published
GSM2562817	discovery_control	-0.45834165942083277	rederived_not_published
GSM2562818	discovery_control	-0.3093610944737043	rederived_not_published
GSM2562819	discovery_control	-0.05849973825537813	rederived_not_published
GSM2562820	discovery_control	-0.14327129494381485	rederived_not_published
GSM2562821	discovery_control	-0.29048794762483565	rederived_not_published
GSM2562822	discovery_control	-0.004801357654481975	rederived_not_published
GSM2562823	discovery_control	-0.30410333186443406	rederived_not_published
GSM2562824	discovery_control	-0.19855530187952564	rederived_not_published
GSM2562825	discovery_control	-0.36807603110239395	rederived_not_published
GSM2562826	discovery_control	0.008168896172388918	rederived_not_published
GSM2562827	discovery_control	-0.2917636582957942	rederived_not_published
GSM2562828	discovery_control	-0.4201169204860938	rederived_not_published
GSM2562829	discovery_control	-0.25620361133677416	rederived_not_published
GSM2562830	discovery_control	-0.27133007667133435	rederived_not_published
GSM2562831	discovery_control	-0.02255842277174236	rederived_not_published
GSM2562832	discovery_control	-0.11736160073891044	rederived_not_published
GSM2562833	discovery_control	-0.20546653394166625	rederived_not_published
GSM2562834	discovery_control	-0.09420581796702199	rederived_not_published
GSM2562835	discovery_control	-0.31508651175101765	rederived_not_published
GSM2562836	discovery_control	-0.24607906742039742	rederived_not_published
GSM2562837	discovery_control	-0.07945037775785402	rederived_not_published
