disorder	query_point	query_score	prior	lr_point_estimate	lr_ci_low	lr_ci_high	points_conservative	band	posterior_prob	evidence_anchor	n_case	n_control	n_studies_case	n_studies_control	confounded_by_design	reason	within_study_ci_low	within_study_ci_high
Sotos syndrome	typical_case_score	0.1321	0.05	142.41593570327453				NA	0.8822916714064276	PP4_diagnostic	38	53	1	1	True	single-study cohort: study-level bootstrap is degenerate (all resamples identical), so no between-study confidence bound can be estimated	77.34374836525056	1680.755346451072
Sotos syndrome	typical_case_score	0.1321	0.1	142.41593570327453				NA	0.9405610779460027	PP4_diagnostic	38	53	1	1	True	single-study cohort: study-level bootstrap is degenerate (all resamples identical), so no between-study confidence bound can be estimated	77.34374836525056	1680.755346451072
Sotos syndrome	typical_case_score	0.1321	0.2	142.41593570327453				NA	0.9726805693602479	PP4_diagnostic	38	53	1	1	True	single-study cohort: study-level bootstrap is degenerate (all resamples identical), so no between-study confidence bound can be estimated	77.34374836525056	1680.755346451072
Sotos syndrome	typical_missense_vous_score	0.0421	0.05	4.27991793208837				NA	0.1838459201004766	PP4_diagnostic	38	53	1	1	True	single-study cohort: study-level bootstrap is degenerate (all resamples identical), so no between-study confidence bound can be estimated	2.9708355378406757	15.009361375238754
Sotos syndrome	typical_missense_vous_score	0.0421	0.1	4.27991793208837				NA	0.3222849684745996	PP4_diagnostic	38	53	1	1	True	single-study cohort: study-level bootstrap is degenerate (all resamples identical), so no between-study confidence bound can be estimated	2.9708355378406757	15.009361375238754
Sotos syndrome	typical_missense_vous_score	0.0421	0.2	4.27991793208837				NA	0.5169034243083234	PP4_diagnostic	38	53	1	1	True	single-study cohort: study-level bootstrap is degenerate (all resamples identical), so no between-study confidence bound can be estimated	2.9708355378406757	15.009361375238754
Sotos syndrome	borderline_score_zero	0.0	0.05	1.7583256997321135				NA	0.0847046011882743	PP4_diagnostic	38	53	1	1	True	single-study cohort: study-level bootstrap is degenerate (all resamples identical), so no between-study confidence bound can be estimated	1.3805074290170603	5.369881184525508
Sotos syndrome	borderline_score_zero	0.0	0.1	1.7583256997321135				NA	0.16343860083878076	PP4_diagnostic	38	53	1	1	True	single-study cohort: study-level bootstrap is degenerate (all resamples identical), so no between-study confidence bound can be estimated	1.3805074290170603	5.369881184525508
Sotos syndrome	borderline_score_zero	0.0	0.2	1.7583256997321135				NA	0.3053536377447204	PP4_diagnostic	38	53	1	1	True	single-study cohort: study-level bootstrap is degenerate (all resamples identical), so no between-study confidence bound can be estimated	1.3805074290170603	5.369881184525508
